Dong Chen,20,33090320010411044x
Guo Zhang,32,230207198911100879
Xianyong Chen,40,445323198104022996
Jianhan Wang,23,371328199809163299
Huiheng Chen,20,653000200102106511
Xian Chen,37,340311198407280598
Yi Wang,22,61072319991205326x
Dong Chu,45,211381197606043344
Xian Chu,28,130727199306155212
Xuan Wu,46,211381197509014831
Jun Lv,36,371423198503180178
De Feng,30,610726199103086951
Zi Sun,24,340824199708229311
Deliang Lv,24,445302199701059882
Xianrun Wang,18,370811200312220628
Jiefeng Li,34,150421198705093675
Guo Chen,23,612522199812016585
Guomei Chu,26,230224199511196790
Xin Lv,36,612429198512180521
Xuxiao Zhang,25,533124199605188412
Ting Qian,31,612732199005128976
Ya Wei,29,360124199205150148
Jian Zhao,23,13072819980411067x
Xuhan Shi,33,410324198802133336
Xuan Qian,27,450403199409242929
Yahan Sun,47,530102197408215032
Bao Wei,29,142423199202263129
Ting Wei,40,411122198108118509
Tingrun Chu,27,429005199410253520
Xianxiao Zheng,33,460002198808244877
Yi He,23,53272919980627279x
Yi Sun,48,652700197306206164
Jie Lv,31,370104199002222254
Jun He,21,532327200009109412
Xian Shi,44,142603197707142210
Baofan Chu,50,370302197102120545
Dongfan Shi,29,533524199207102923
Jianliang Feng,45,370702197611139666
Xin Zheng,23,360722199811257407
Zi Feng,51,513435197011028393
Guo Li,32,442001198902246579
Xian Li,50,131000197109098331
Jun Chu,24,320107199702051487
Yajia Sun,42,110103197908125646
Jie He,29,61060119920415886x
Jie Wu,45,410324197607210132
Guo Li,26,370883199501081387
Xuliang Lv,38,370500198302039342
Jie Wang,45,430223197603301279
Jie Chen,20,632500200110016356
Xianjiang He,27,331082199402200502
Bao Wu,36,130201198512187700
Xianjiang Sun,48,371301197309050098
Xu Sun,38,431201198305038614
Jun Chen,27,410304199412117020
Zi Shi,33,130500198804268452
Huixiao Wang,27,142723199410013733
Xin He,42,140211197912301704
Ting Chen,47,130282197403092152
Xin Zhao,23,532101199807267069
Jun Wu,28,421100199302040359
Tingrun Zhang,47,130522197408169719
Xu Wei,24,230184199703127482
Dong Wu,19,43040020020629232x
Ya Sun,51,62010119700101928x
Hui Zhou,41,430423198007033761
Junfeng Sun,30,220581199102034578
Hui Zhang,22,220323199901126037
Xin Wang,27,522224199408116014
Xu Chen,24,23020219970714599x
Junming Zhang,37,110113198412116962
Jian Chu,48,230708197307089688
Jian Zheng,39,37232119820221470x
Dong Chu,26,210900199507240311
Xuanna Wang,42,632621197908013912
Xuze Zhang,34,152727198708042534
Hui Li,25,320402199611079755
Jun Wu,47,450204197404218357
Junlong He,40,37030219810225053x
Huifan Zhang,38,140623198312253265
Jian He,28,130730199303124146
Xu Feng,25,420501199607197772
Dong Zhang,41,420922198002100347
Ya Feng,48,65432519730917085x
Xuxiao Zhou,20,430722200108263607
Jie Wei,32,421001198904064277
Jie Wei,39,542424198201309431
Yi Shi,28,450103199308318243
Baohao Shi,45,429004197611033512
Xuna Wu,30,440825199101286645
Xuheng Wang,45,522225197610073376
Xin Zheng,19,532923200206064757
Xuan Wang,47,410802197411168107
Jie Lv,39,632624198211227476
Xuan Wang,32,350121198912164363
Xurun Zhou,51,450326197007017740
Hui Shi,35,360323198605178982
De Chu,22,500383199910169010
Xianna Wu,51,610527197011094937
Xianfeng Wu,33,410225198812034419
