Dexiao Li,23,341200199812104196
De He,42,530428197901247912
Hui Zhou,48,130824197306155032
Jiefan Qian,40,420704198111242097
Xuming Wei,26,230207199505158561
Xianze Zhang,37,140226198405266725
Xinheng Lv,38,430523198301246756
Jiexiao Wei,28,533321199302026641
Dejia Zhang,29,371423199210138857
Jiefan Feng,42,452725197910025209
Xuanrun Zhou,49,612722197207012159
Xujia Chen,33,33090319881206345x
Huina Sun,23,372930199802082678
Guo Feng,41,610527198004223028
Tingrun Wu,36,450303198508041925
Zi Zhao,34,22068119871219260x
Xian Feng,38,350600198307194315
Yi Chu,22,622722199901022877
De Chu,48,372325197302185878
Guofan Wang,25,410326199605105858
Baoming Sun,33,652201198803093636
Guo Zhang,32,142724198903054124
Xu Zheng,34,362428198702083682
